序号,昵称,发布日期,total,景色分,趣味分,性价比分,地区编号,comment
2,k空kk,2022-04-23 00:34:56,5.0,5.0,5.0,5.0,145,大，实在是大，草原很辽阔，值得一去建议直接住木兰草原酒店，随时进出，说不定还会看到烟花，视觉效果很棒，草原心旷神怡，很放松
3,300****185,2022-05-15 23:49:56,5.0,5.0,5.0,5.0,145,很好玩，有事是晚上的篝火晚会和烟花表演，很值得再去一次
4,凉凉小四月,2022-02-16 21:48:34,4.0,4.0,4.0,4.0,145,木兰草原位于武汉黄陂区王家河聂家岗，距武汉市区不到40公里，是华中地区唯一的5A级草原景区。传说这里是木兰少年时练习骑射的地方，很久以前来过，正好武汉文化旅游网有免费的票，于是周末和家人一起玩一玩，来的人真不少，都带着帐篷，躺在草地上，享受阳光，娱乐的设施也很多，有射箭骑马滑草，还有坐小火车，晚上还有烟火，很适合周末休闲放松。
5,筱朵尔,2022-05-11 15:59:13,5.0,5.0,5.0,5.0,145,很适合一群人出去玩儿，适合拍照，适合带小朋友出去玩儿，这次没有露营有点可惜
6,M33****2365,2022-05-03 10:07:29,5.0,3.0,4.0,4.0,145,是放松心情的好地方
7,基督山伯爵,2022-05-18 22:55:02,2.0,5.0,5.0,5.0,145,地理位置不好，🅿️车不可以停在附近的地库，非常不方便！
8,二胖7668,2021-12-02 06:33:27,5.0,5.0,5.0,5.0,145,没去过的朋友，这里非常值得去。老中青三代都适合玩儿。&#x0A;【景色】&#x0A;【趣味】
9,300****220,2022-02-05 18:57:40,4.0,4.0,4.0,4.0,145,园区比较大，慢慢走，慢慢玩大概4小时。&#x0A;只玩了竹排和滑草，&#x0A;园区有娱乐的套票可以选择，要是玩的多可以考虑买套票。&#x0A;园区小火车比较可爱，是绕着园区一圈。&#x0A;冬天比较冷，没有花，草也是枯黄的，还是春天后景色比较好。
10,_WeCh****958766,2022-05-14 10:06:11,5.0,5.0,5.0,5.0,145,值得的，风景不错！我已经去了几次了！适合亲子游，露营
11,丫丫@东东大宝贝,2021-12-01 11:20:21,5.0,5.0,5.0,5.0,145,景区很美，人点多，下次带帐篷过来，烧烤边不错
12,118****716,2022-03-08 20:42:20,2.0,5.0,5.0,5.0,145,不值得一去，空气差，项目少，不推荐
13,走走到拉萨,2022-03-01 08:24:41,4.0,5.0,5.0,5.0,145,性价比还行，就是离市区有点远，不过带小孩去还是可以的
14,118****716,2022-03-08 20:45:19,5.0,5.0,5.0,5.0,145,木兰草原广阔，空气新鲜，绿植丰富，可爬山，划水；游乐场项目多：骑马，射箭，划船；吃的也很丰富尤其是烤全羊，烤羊腿等等；值得推荐！
15,118****716,2022-03-08 20:47:57,5.0,5.0,5.0,5.0,145,木兰草原景色优美，地域开阔；游乐项目多：骑马，划船，骑骆驼，踩水船；大型实景演出《木兰从军》真实再现木兰上战场；晚上焰火表演！
16,no plus.,2022-03-06 00:11:51,5.0,5.0,5.0,5.0,145,很棒的表演！值得去！不管是不是本地人值得去看一次！！！！！！！！！！！！！！！！！！！！！！！！！！！！！！！！！！！！！！
17,y任我行,2021-03-19 16:58:01,5.0,5.0,5.0,5.0,145,木兰草原已经成为了武汉周边必游景点之一。辽阔奔放的的大草原，漫天飞舞风筝，悠然徐驰的小火车，成群结队的骏马，精灵可爱的小萌宠，还有各种游乐项目都值得一一打卡。最具特色的是自助烧烤，远离易燃和游玩区，单独开辟一隅，现成的烧烤架和食材，让你置身草原，畅想野外bbq的无限乐趣。
18,M31****5430,2020-08-21 13:39:37,5.0,5.0,5.0,5.0,145,这是我第一次去，映像深刻！因为那天去的路上下了大雨，到了那儿三点多的样子真的太凉爽了，抛开了夏日的炎热，迎来阵阵清爽，风景也非常宜人，我比较胆小，带着孩子只玩了滑草，晚上看了烟火表演，现场的氛围和效果非常棒，我孩子惊呆了说，这跟看电视一样的！还是得多带孩子见见世面，晚上回家他都依依不舍，因为太晚了没有看泼水节，也算遗憾的，孩子说以后还来玩！这就是对木兰草原这段旅程最好的赞扬！感谢好朋友拉我一起来，不然还窝在家里不敢出门怕热！大武汉，真好！生为武汉人真好
19,文笙特chan,2022-03-04 11:50:40,4.0,5.0,5.0,5.0,145,玩的还不错，要是***茵茵的时候就更好玩了！！&#x0A;
20,M44****8823,2020-12-05 13:28:21,5.0,5.0,5.0,4.0,145,带娃第一次来，冬天唯一的遗憾就是草坪上的草变黄了😂，玩的项目蛮多，收费也不便宜😭，骑马80一人，大人小孩同价，儿子兴趣不大，小火车他也不想坐，个人感觉草原还可以，儿子的心思不在这儿，唉，就想玩游戏（手机）。
21,M30****2804,2022-04-05 13:34:38,5.0,5.0,5.0,5.0,145,烧烤非常棒
22,M25****4078,2022-01-31 08:17:35,5.0,4.0,3.0,3.0,145,适合夏天一家人游玩，里面项目全部单独收费，最好带一个帐篷比较合适
23,lisa,2020-06-26 08:10:38,5.0,5.0,5.0,5.0,145,【景色】真的很美，一望无际草原风光。&#x0A;【趣味】玩乐项目挺多的，套票优惠。&#x0A;【性价比】性价比还可以，就是项目排队等候的时间比较久，其他的都挺好的。
24,_CFT01****0006537,2022-04-05 21:12:23,4.0,5.0,5.0,5.0,145,还不错的，景色还好
25,基督山伯爵,2022-01-07 23:48:39,4.0,4.0,4.0,4.0,145,草原很大，景色还可以。就是去的路不好走，节假日容易堵车。
26,陆王王之父,2022-04-22 15:29:40,3.0,5.0,4.0,4.0,145,一般般啦啦啦
27,问天,2022-04-04 13:10:59,3.0,5.0,5.0,5.0,145,还行吧
29,M32****966,2020-08-17 07:48:49,5.0,5.0,5.0,5.0,145,由于白天太热我们是下午三点多出发五点到达，晚上起风了很凉快呢，草原比较开阔，孩子们玩了激流勇进和滑草，很开心意犹未尽，很多人在草原上搭帐篷露营，晚上8点有晚会可以看不过要提前占位置，还看了烟花，八点半开始返程
30,Jodie,2020-08-15 22:36:31,4.0,4.0,5.0,5.0,145,慧游湖北预约去的，只用刷预约人的身份证就可进入。5点前免费，5点后因为有烟花及篝火表演，需加30元&#x2F;人。当然，夏天5点前进入真的很晒，进去之后先找阴凉处，到太阳快下山的活动的人逐渐多了起来。有各种娱乐项目，也有适合小朋友的。切记做好防晒。
31,胡斌0808,2022-01-20 09:00:08,4.0,5.0,5.0,5.0,145,去年去过一次，还不错，天气暖和了再去玩
32,小小新的大西柚,2022-01-17 09:58:08,5.0,5.0,5.0,5.0,145,景色不错，交通方便，可玩性好，还不累
33,M24****3780,2022-01-04 17:48:42,4.0,4.0,5.0,4.0,145,还不错，去年去了一次，比较满意
34,186****7773,2021-12-15 20:19:08,3.0,5.0,5.0,5.0,145,现在草原能带宠物进去吗？中型犬
35,ZT小天王,2021-12-05 22:15:21,4.0,5.0,5.0,5.0,145,景色还可以，游玩的项目还不错挺多，总体感觉还行，停车场很奈斯设计的很好，车位很多不用担心停车。
36,走向春天的下午,2022-01-20 13:13:05,5.0,5.0,5.0,4.0,145,武汉市近郊值得游玩的地方，带小朋友一起坐火车，喂小动物，赏花踏青，与大自然亲密接触，很好。
37,M53****483,2021-10-03 09:35:34,5.0,3.0,4.0,3.0,145,晚上去还是挺好玩的，滑草，彩虹滑道，滑索，卡丁车这些还值得一玩，然后看看云中战歌和篝火晚会，还有烟花，这些都比较棒！最好中午去看云中战歌，下午早点去篝火晚会占位子！
38,M43****6855,2020-11-30 08:13:31,5.0,4.0,4.0,4.0,145,木兰草原这是第一次去，从东西湖开车过去那里有点远，59公里一个多小时车程，到了地方感觉很热闹，游玩的人也很多，这次来主要就是带孩子坐网红小火车，还有滑草，买了张亲子套票。半天的时间不够玩，我们还有萌宠乐园没去，意犹未尽，下次个老公带着孩子约几个朋友一起再去。
39,腹黑多多,2020-08-17 18:44:54,5.0,5.0,5.0,5.0,145,早上去的，草原很大，玩的项目也很多，就是太晒了，热疯掉～ &#x20;一直玩到晚上，篝火晚会表演很精彩，然后的烟花秀，欧买噶，太太漂亮。不枉我晒了一天大太阳。。。&#x20;小贴士，没去过的朋友夏天适合傍晚再去。或者凉快点再去，还可以租帐篷过夜。总之，这景点还不错，又大，还有表演看，有趣好玩，。
40,_CFT01****3743355,2020-07-18 23:07:50,5.0,5.0,5.0,5.0,145,选择的夜场，性价比很高。景区比我想象的要好，朋友一起玩得很开心。&#x0A;值得一提的是，篝火晚会正要开始时，突降大雨，当时就有很多游客仓皇离场了。但是篝火晚会、烟火表演等竟然如期举办。这点真的很出乎意料。演员们冒着大雨也很认真表演，真的不容易，辛苦了，很棒体验很好，
41,M35****140,2021-09-27 19:54:38,5.0,5.0,5.0,5.0,145,值得去，项目多到可以玩一整天，场地很大不会觉得拥挤，推荐一定要坐小火车，可以作为交通工具的，晚上的烟花表演一定提前去占位置哟，还是很值得一看。
42,虎年李要行大运,2021-02-06 20:08:16,5.0,5.0,5.0,5.0,145,打卡网红小火车，游览精典美景，蓝蓝的天空，翠绿的草原，意犹未尽的项目好不刺激，园区的规划比较合理，景点之间间距不是很远，整个逛一圈也不会觉得累，一家人玩得很开心。
43,阿阿阿尐思,2021-11-04 13:20:56,5.0,4.0,4.0,4.0,145,总体非常开阔，很大，适合全家出游，好玩的项目挺多。也值得改进。&#x0A;我是十一长假后的周末去的，别人是工作日，所以不是很多，项目也不用怎么排队。携程团购的门票➕7项目&#x20;138元，我有证件就想着过去项目再买一样的。没想到省了70门票，项目没有任何优惠套餐，20&#x2F;30&#x2F;40逐一付款。加起来过了200[撇嘴]&#x20;，感觉医护人员也没挣到任何好处。上次旅游文化局又在推广这个小火车，所以我也来说几句。格桑花花很好看，就是只有一个工作人员到处吼，管理力度不够。滑草很好玩。数千不敢坐。嘿嘿
45,无疆行,2016-12-13 09:10:07,5.0,5.0,5.0,5.0,145,木兰草原，星期天去的。冬天来了，草地已经枯黄，格桑花也已经凋谢。不过周末游客还是不少，景区里可以看看羊驼，矮马，还可以骑马，骑骆驼，射箭，竹筏，水上自行车等等，而且12月底前凭年卡免费领取滑草票，价值30元，这也是滑草人气最旺的原因。出门前还可以欣赏歌舞表演，或者三五好友一起烧烤。木兰草原，一年四季都可以游玩的地方，慢慢玩两个小时足够了。
46,无疆行,2016-09-09 17:49:26,5.0,5.0,5.0,5.0,145,木兰草原去过两次，去年5月去过一次，今年是5月21日去的，正好赶上格桑花盛开，那景色绝美，而且今年格桑花面积又增加了，比去年多了很多。木兰草原还有很多游乐项目，骑马，水上自行车，滑草，滑索，最吸引人的就是大片草地，在这里搭个帐篷，再来个烧烤，太惬意了。
47,M24****9208,2020-08-09 14:04:11,5.0,5.0,5.0,5.0,145,湖北惠民旅游预约来的，人很多，风景不错
48,Easy168,2022-01-14 14:02:08,4.0,5.0,5.0,5.0,145,环境还不错，也挺方便，适合孩子玩。
49,m41****6029,2021-12-25 11:38:41,4.0,5.0,5.0,5.0,145,很不错，错峰出行人很少，感觉还行。
50,M56****822,2022-01-02 11:31:56,4.0,4.0,4.0,4.0,145,看起来还不错，以后有机会了去玩玩
51,两个世界8899,2021-12-18 16:31:27,4.0,5.0,5.0,4.0,145,还不错，比较合适几个朋友一起出游
52,M35****9823,2020-08-09 10:21:07,5.0,5.0,5.0,5.0,145,大美黄陂，繁花似锦，美不胜收。
53,骑着小猪逛超市,2022-02-08 11:23:12,5.0,5.0,5.0,5.0,145,适合一家四口春游，景色很美。
54,骑着小猪逛超市,2022-02-08 11:22:36,5.0,5.0,5.0,5.0,145,很好玩，黄陂属于武汉的后花园
55,_WeCh****38712,2020-09-12 22:48:58,5.0,4.0,5.0,4.0,145,游玩项目很多，基本可以玩一整天，孩子们玩得很开心，就是每个项目的价格必须到现场售票点才看得到，如果能在入口的导游图旁边列个表清楚标明各个游玩项目的费用，第一次来玩的游客就不会走很多冤枉路了
56,M42****9943,2021-12-26 17:50:44,5.0,5.0,5.0,5.0,145,超值，花木兰的表演很棒
57,骑着小猪逛超市,2022-02-08 11:22:53,5.0,5.0,5.0,5.0,145,武汉的后花园，赞一下
58,M25****0034,2021-12-18 10:03:54,5.0,5.0,5.0,5.0,145,很好很好很好
60,甜甜的蔚蔚,2021-12-11 15:47:02,4.0,5.0,5.0,5.0,145,不错的地方
61,袋鼠麻麻家,2021-10-01 11:41:48,5.0,5.0,5.0,5.0,145,整个景区游玩项目很多，野餐露营木兰草原是非常好的选择，晚上的篝火晚会和烟花可以玩到嗨，粉粉的小火车特别浪漫，就是小火车儿童票有点贵。
62,M22****1411,2020-08-30 09:32:08,5.0,5.0,5.0,5.0,145,小火车一人40元，一家四口160，停车停了大概3个多小时我们上个景区去了木兰天池4点多到的木兰草原，看完8.30的烟火表演就回家了……湿身派对我们没看，也没玩就走了，太累了，一下午跑完两景区
63,M36****2954,2020-11-03 21:09:57,5.0,5.0,5.0,5.0,145,【景色】去了之后，真的没让我失望，那天去的时候白天玩各个项目，晚上租了帐篷，然后看篝火晚会和烟花，吼吼吼，还拍了美美的照片，看看我的拍的小火车
64,_WeCh****18617,2021-07-26 11:11:06,5.0,5.0,5.0,5.0,145,武汉木兰草原，套票非常划算，周边停车也很方便！大草原的即视感，很美！景区内还有好多游玩项目，骑马、表演都有！晚上还有超级赞的烟花秀，太美了！
65,631****148,2021-10-08 11:51:00,5.0,5.0,5.0,5.0,145,太美了，适合家庭亲子情侣出游，视野开阔，可以露营烧烤看晚会看烟花，最爱大型蹦迪现场，哈哈哈，下次节假日还去，开心开心，希望以后会更好
66,M42****5318,2020-09-13 22:37:10,5.0,5.0,5.0,5.0,145,值得去玩，里面很大，玩的项目很多…白天可以玩玩项目，晚上可以看表演，有烟花秀，特别美，非常值得一看，还有篝火晚会，湿身派对，非常的嗨皮大人小孩都玩的那个嗨…记得要多一套衣，你懂得，还会再去的
67,M36****674,2022-01-14 14:36:02,4.0,4.0,4.0,4.0,145,位置比较偏远，里面设施还在建造，带小孩游玩还可以
68,135****1234,2017-02-26 22:45:41,5.0,4.0,3.0,4.0,145,大草原。冬天的缘故，草都是黄色的。我们从南方过来，少见宽阔的平原，心旷神怡。娱乐设施少，可以骑马。适合一家人去休闲散心。看到很多游客都带了帐篷过来。
69,狂疯牛牛,2021-09-10 20:51:31,4.0,3.0,4.0,4.0,145,疫情刚结束端午节去的&#x0A;很优惠很优惠&#x0A;人也很多&#x0A;玩的很开心，就是太阳太大太大了&#x0A;车子太难停了，哪哪都停满了。&#x0A;不过是不错的游玩体验。
70,寒涵悦1314,2020-12-09 15:05:44,5.0,5.0,5.0,5.0,145,武汉木兰草原，去过很多次了。不错，停车也很方便的。附近的停车场也比较多。从大门口走进去的路程还可以，人不多。里面很冷。我去的时候下雨，也不是很方便。天气比较冷，浏览了一下就回去了。风景还是比较好的。就是有点冷，就没多停留。。。。。。
71,蕃小蕃,2020-10-04 08:41:52,5.0,5.0,5.0,5.0,145,临时约到木兰草原，就立刻从武汉出发，车程一个小时20分钟左右！天气很给力，还看到了彩虹🌈&#x0A;小火车全程50分钟，分四站，中途可以下车玩项目，骑马，竹筏，射箭，凌波飞渡，滑草，彩虹滑梯等等，周末晚上还有篝火晚会和烟花，非常值得打卡！还会再约❤️
72,点点星光熠熠闪耀,2021-06-26 00:51:25,5.0,5.0,5.0,5.0,145,武汉周边我觉得是最好玩的地方了，情侣，家人，溜娃，聚会都很nice！夏天还有烟火，满满的夏日感受
73,M25****7258,2020-08-31 12:51:04,5.0,5.0,5.0,5.0,145,适合夜游，人很多，外地人带着孩子去自己搭帐篷，几个学生玩扑克玩到两店，又有一群吃烧烤喝酒的人疯到凌晨四点，一整夜没睡，第二天上午就离开了，个人认为景区的项目可以挑着玩，多带点吃的喝的，这个季节草原已经不绿了
74,M41****695,2017-08-19 00:23:27,4.0,4.0,4.0,4.0,145,草原环境还可以，不算太大，步行一个多小时可以转完一圈，我们带的有孩子，走走玩玩停停，所以走的稍慢一点大约两个小时！去玩之前可以准备一个风筝，就不需要在景区买了，因为草原上放风筝还是挺不错的！其他的项目都是收费项目，买套票相对实惠，我们孩子有的不能玩，所以单独买的门票！&#x0A;最关键出玩的前一天一定要看天气，我的自驾游玩了五天也没有晒红，来这里一天就晒成了小麦色，防晒超级重要！如果阴天玩耍会更合适，下点小雨也比大晴天强得多！&#x0A;然后有一点不开心就是买的白天门票本来就只有一场木兰归的表演也因为临时告知没电了就不演了，跑了几百公里就转了一圈，带孩子放放风筝，有点不太划算！如果有时间个人觉得还是买晚上票比较合适，演出多，但前提是要有电的情况下才比较合适！
75,631****148,2021-10-08 11:49:36,5.0,5.0,5.0,5.0,145,太美了，适合家庭亲子情侣出游，视野开阔，可以露营烧烤看晚会看烟花，最爱大型蹦迪现场，哈哈哈，下次节假日还去，开心开心
76,无疆行,2020-11-05 01:57:04,5.0,5.0,5.0,5.0,145,木兰草原算是老牌景区了，从那越来越大的停车场就能看出来，非周末游客都无数，不过进出景区都不用排队，很顺畅。景区除了大片草地外，格桑花最漂亮了，不过去的时机不好，这次没看到最壮观的花海，明年再来了。
77,古月风hl,2021-10-04 13:45:24,5.0,4.0,4.0,3.0,145,还是挺棒的，景色超好，蛮符合我的口味，项目多，挺有意思的，门票我们买的是通票，也挺便宜的
78,英国很美,2022-01-06 17:19:15,4.0,5.0,5.0,4.0,145,节假日个人出行，人太多了。
79,邹慕兮,2020-10-15 13:40:40,5.0,5.0,4.0,4.0,145,木兰草原记🎉&#x0A;空调房太冷，一起出来蒸桑拿吧！🌞&#x0A;周末的晚上还能&#x20;赏烟花🎆&#x20;看篝火🔥&#x20;很嗨皮很热闹喲！人从众…
80,M43****7865,2020-10-27 08:26:46,5.0,5.0,5.0,5.0,145,这个地方很值得去的，环境好工作人员也很热情。里面游玩儿的项目价格也很合适价格不贵，项目好玩儿。当时去玩儿射箭这个项目的时候钱包掉了，后来去售票处询问得知是一位驴友捡到了，在此感谢这位驴友。感谢木兰草原的工作人员。
81,m27****2184,2020-08-29 10:00:26,5.0,5.0,5.0,5.0,145,在黄鹤楼上可以看到涛涛江水&#x0A;武汉市长&#x20;江大桥&#x20;欢迎您&#x0A;黄鹤一去不复返，白云千载空悠悠&#x0A;去黄鹤楼的那天晴空万里艳阳高照景色不错，就是有点儿晒&#x0A;有免费拍摄，定向选择是否购买相片的服务&#x0A;有很多历史文物，例如书画，木制桌椅，黄鹤楼的结构图等等&#x0A;有解说&#x0A;用心去感受，嗯，是热情的武汉天气值得推荐，
82,二胖7668,2021-06-03 16:53:02,5.0,5.0,5.0,5.0,145,景色不错，有趣好玩，总体超赞，性价比高，木兰草原这个地方会长值得去看看，交通方便。从武汉市区开车过去也就个把小时左右。里面玩的项目非常多，老中青三代都适合玩。
83,_WeCh****70440,2020-11-01 14:54:17,5.0,5.0,5.0,5.0,145,景色不错，有趣好玩，总体超赞，性价比高，度假非常值得去的地方，网红小火车，滑索，烧烤区也是很值得大家去，啥也不带，烧烤区给准备套餐，已经腌制好，洗干净，处理过的食材，烧烤炉子，碳，调料都给备得齐齐的
84,科科吉吉,2020-08-29 15:53:46,5.0,5.0,5.0,5.0,145,下午去的&#x20;避开了高温&#x20;正好天气凉爽&#x20;骑在马上凉风拂面&#x20;特别舒适&#x20;晚上的晚会也很不错&#x20;最值得点赞的是&#x20;晚会结束后那么多人一起离开居然没堵车&#x20;体验感很好！
85,118****780,2022-02-14 00:21:19,4.0,4.0,3.0,4.0,145,露营还可以。
86,二胖7668,2021-06-03 16:13:19,5.0,5.0,5.0,5.0,145,这里值得去看看。里面玩的项目很多。老中青三代的适合。
87,Rumiko0628,2022-01-17 10:25:34,5.0,4.0,4.0,4.0,145,好&#x20;多次去
88,M36****855,2021-07-08 23:18:20,5.0,5.0,5.0,5.0,145,趁着假期，多带孩子出游！学习固然重要，孩子嘛！还多是让他留下愉快的童年记忆。亲子出游，能够增加父子关系，也能够多跟孩子进行交流！
89,205****312,2021-10-01 23:37:06,5.0,5.0,4.0,4.0,145,夜景值得一看，娱乐项目一般
90,千北y,2021-05-07 20:37:08,4.0,5.0,4.0,4.0,145,五月的格桑花开满地，超级漂亮，还能坐各种颜色的小火车，有山有水，有鱼有马，玩的设施也很多，可骑马射箭，价格也算亲民，快带上你的家人一起来露营吧
91,118****848,2020-10-27 14:02:40,5.0,5.0,5.0,5.0,145,性价比高，景色不错，总体超赞，有趣好玩，欣赏了晚霞和圆月，吃了月饼喝rua茶，伴着草原的第一缕阳光完美结束这次搬家式露营！
92,M33****6432,2020-11-16 11:11:33,3.0,4.0,3.0,3.0,145,木兰草原公交车站只有801路，车次较少，注意时间节点，47路已改线。格桑花花期已过，大部分被割了，只有零星的几朵。小火车40元，共四站可以进出四次。骑马80元一圈，有自由骑可选择。有BBQ区域可带烧烤工具和食材，租工具买食材2-3人份198元。食宿条件一般，有两个度假村，其他就是草原新村的家庭旅馆，能满足基本需求，有有家便利店和蔡明伟，与成熟景区有差距。
93,-易烊千玺-,2020-11-07 04:42:13,5.0,5.0,5.0,5.0,145,自从湖北开通了景区冤费旅游后，闲来无事也和朋友约了一波，我们从江夏出发&#x20;见惯了山川河流，就是没看到大片的草原，幻想着草原是什么样的，骑马会不会很爽&#x20;然后进去的话是不收门票，但是里面有很多的谕玩设施任然是收费的，我们那犬打卡了三个项目，空中索道和水上的激流勇进，很刺激，还有射箭，人均一百二左右。里面还可以骑马，坐着小火车观光，整个园区非常大，也可以支个帐篷在里面野餐。有趣好玩，景色不错，总体超赞，
94,-易烊千玺-,2020-11-07 04:38:37,5.0,5.0,5.0,5.0,145,"武汉木兰草原景区，里面跟很大，走很大一圈,可以要项目索道骑马射箭，我们从武昌去有点远哦，毕竟在郊区的黄被，开车去比较方便，一片绿油油的草原,&#x20;9月好去处啊!带给你好像到了呼伦贝尔大草愿的赶脚，亲近的接触大自然，周来休息释放压力来了，看到这么美的景色，顿时没有了烦恼&#x20;景色不错，性价比高，有趣好玩，点赞"
95,M25****585,2020-10-27 14:59:30,4.0,4.0,4.0,4.0,145,大、辽阔是木兰草原给人的第一印象慢慢走下来也有不少小惊喜新开的网红小火车比较有新意就是票价略贵大小同价40&#x2F;人晚上也可以自带帐篷露营或者住草原酒店我们自带的帐篷坏掉了酒店又满房不得已夜晚十一点开车从草原回武汉也是一次酸爽的经历
96,M48****698,2020-09-04 00:15:53,5.0,5.0,5.0,5.0,145,首先感谢***会有***的政策。让遭受疫情的***人民在疫情结束后，感受到了***的人文关怀。景区门票比较好订。人虽然多，但是景区很大，不显得拥挤。晚上的烟火晚会很好看。景区凉快，没有蚊子。很希望再去。景色不错，值得推荐，有趣好玩，体验很好，
97,你是我心中的小瑜儿,2020-08-30 09:43:56,4.0,4.0,4.0,4.0,145,一路坎坷进入草原后，环境还是不错的。一大片草原上不少人搭帐篷、拿餐垫吃饭或休息;还有人放风筝、玩无人机、跳广场舞的，其乐融融。我们吃完晚饭，已经是6点了。被告知小火车日场票售完，只能买6点后的夜场票！票价都是每人40元，超过一周岁就算成人票。每15分钟一趟车，起点到终点一圈车程40分钟。区别在于，日场票有四站，每站都有各类游玩项目，如：激流勇进、滑草、卡丁车、骑马等。到站前喇叭📢会告知下站有哪些项目，自己决定是否需要下车游玩，游玩后仍可继续上车。当然，每个项目都会单独收费！而夜场票只能从起点坐到终点，也有四站，但下车后就不能再上车，只能自己步行。但夜场有灯光加持的效果很不错！等我们排队上小火车已经快晚上7点了，自然不会选择中途下车。并且这个点的游玩项目基本都已关闭，外面黑漆漆的没有可玩性。我们一心一意坐到倒数第二站下车，准备看烟花🎇如果说木兰草原最梦幻的是小火车：有音乐🎵、糖果屋、水果派对、梦幻灯、彩虹圈、七彩轨道;&#x20;那最惊艳的就一定是烟花表演：篝火、舞蹈、魔方火🔥、喷火、吞🔥、风火轮、火龙……最最震撼的是烟花表演！随着音乐嗨起来，整个场面燃到最高！！真的惊艳到我了
98,狂疯牛牛,2020-06-26 16:56:59,3.0,5.0,5.0,5.0,145,25号太多太多人了，太热了。26号好多了，人也少些。萌宠乐园比较坑，买了票并没有很多玩的，手摇船还要二次收费。竹筏和清凉寨比没有棚子，会热给多，等候区就一个电扇。其他游乐项目都还可以。这里要特别骂一下蒙古烤肉，其实这东西，我们从来不吃，主要是为了看篝火，就买了6串填填肚子。***你大爷，我要不辣和辣的，结果假妈跟你分开拿。其实都是一样的，都是辣的。还***肥肉一大堆，因为我快2年没吃肥肉，入口就能分辨，平常人估计很难。蒙古烤肉，就在资助烧烤区旁边，***的，太坑了！赚钱赚了天天拉稀的！
99,_WeCh****70440,2020-11-01 14:52:43,5.0,5.0,5.0,5.0,145,度假非常值得去的地方，网红小火车，滑索，烧烤区也是很值得大家去，啥也不带，烧烤区给准备套餐，已经腌制好，洗干净，处理过的食材，烧烤炉子，碳，调料都给备得齐齐的有趣好玩，性价比高，景色不错，总体超赞，
100,香丘居士,2020-04-10 13:05:24,5.0,5.0,5.0,5.0,145,木兰草原，黄陂最大的景区之一。每年五月和十一月，格桑花盛开，也是木兰草原最漂亮的时候，每年这个季节，游客如织，格桑花前都是拍照的人群。除了美景，宠物乐园，高空滑索，游船等等娱乐项目也是很值得的选择。
101,M14****395,2021-10-07 00:29:55,4.0,5.0,5.0,3.0,145,风景很美，孩子玩得很尽兴，但是2大1小的亲子票有点坑，预订的时候只显示了门票加表演加游完项目，还以为可以玩几个，结果只能进萌宠乐园，其他项目都是掏钱买的。因为风太大了，晚上的表演也没看，有点遗憾。
102,E81****20,2020-08-16 17:13:09,5.0,5.0,5.0,5.0,145,尽管是人工的草原，但风景还是不错，除了草原风景，还有很多玩的项目，疫情期间，免费而且人也不多，玩的几个项目基本没排队，项目需要另外花钱。
103,M32****683,2020-10-16 23:30:59,5.0,5.0,5.0,5.0,145,非常值得去！去过两次了。烟火和篝火晚会非常好看好玩！露营非常完美。感觉是武汉最好玩的地方了。
105,迷你娅娅,2021-05-05 22:50:56,5.0,5.0,5.0,5.0,145,湖南的哥哥妹妹都来武汉了，带他们来草原体验一下，果然没让他们失望，确实很大很好玩，还住了一晚帐篷，玩得不想走。
106,香丘居士,2020-10-04 09:44:14,5.0,5.0,5.0,5.0,145,木兰草原，武汉附近最有名的景区之一。每年五月和十月都是格桑花盛开的季节，也是最适合游玩的时候，除了漫天遍野的格桑花，羊驼所在的宠物乐园，高空滑索和滑草，骑马射箭等等娱乐项目也让人流连忘返。
107,M36****0678,2021-02-28 12:54:54,5.0,5.0,5.0,5.0,145,非常漂亮，非常喜欢，犹其是周未晚上烟花非常美丽，木兰草原面积很大，游玩配套设施也非常丰富，朋友聚会，家人出游，非常理想的地方。
109,hjy333,2020-10-21 23:31:12,5.0,5.0,5.0,5.0,145,游客非常多，人气很旺，景区管理还不错，里面的服务设施比较完善，适合家庭周末出游，玩上一整天，游乐项目比较适合孩子和年轻人，晚上还有夜场，很不错
110,德拉敦石厚,2021-05-28 12:57:55,5.0,5.0,5.0,5.0,145,五一期间路上堵的不行，停车场难进难出。。草原里面风景不错，场地空旷，游玩设施齐全，是个溜娃的好地方。总体超赞，有趣好玩，景色不错，性价比高，
111,M42****0975,2020-12-13 21:03:58,5.0,5.0,5.0,5.0,145,感谢惠游湖北！第二次来木兰草原，这个时间草变黄了！先坐小火车转了一圈，然后步行转玩了喝奶的鱼，水上运动，穿越丛林，下午5点多天就黑了！与孩子进了&#x20;奇幻森林&#x20;亲子套票50元两人！就是灯光秀与广播木兰故事这个钱不值！12月以来周末人少晩会与烟花都取消了！遗憾！
112,Nakaji,2020-12-03 21:19:40,5.0,5.0,3.0,5.0,145,木兰系列的第二站&#x20;上午去了木兰天池&#x20;下午到的木兰草原&#x20;虽然不了解这个景区的前世今生&#x20;但人工痕迹很重&#x20;里面很多娱乐设施&#x20;更适合夏天来玩&#x20;现在太冷了&#x20;几乎所有的娱乐项目都停了&#x20;人很少&#x20;先看自然风光的还是不要来了&#x20;全是***&#x20;包括草甸&#x20;想玩娱乐设施的可前来一看&#x20;还是蛮不错的&#x20;***惠游&#x20;棒棒哒
113,M31****981,2021-01-14 21:05:21,5.0,5.0,5.0,5.0,145,地广空气好，很适合小朋友玩，萌宠乐园，迷宫，穿越丛林，都是很不错的，可惜很多水上项目都没有开放，希望下次去都可以玩一下总体超赞，性价比高，有趣好玩，景色不错，
114,_WeCh****70440,2020-11-01 14:44:31,5.0,5.0,5.0,5.0,145,双休非常值得去的旅游地点，提前在网上买套票，玩玩刺激的项目，在烧烤区点点烧烤自己烤，价格实惠，食材都是腌制好的，晚上的篝火晚会太好看了，烟花太漂亮了有趣好玩，总体超赞，景色不错，
115,M49****0449,2021-11-05 22:57:54,5.0,5.0,5.0,5.0,145,值得一去！风景很不错，孩子玩得很开心！有机会还会去打卡！
116,岁寒009,2021-10-14 19:10:02,5.0,5.0,4.0,4.0,145,现在在篝火晚会，没有以前的有乐趣。&#x0A;现在在篝火晚会，没有以前的有乐趣。&#x0A;现在在篝火晚会，没有以前的有乐趣。&#x0A;现在在篝火晚会，没有以前的有乐趣。
117,Dargon,2021-07-06 03:43:56,5.0,5.0,5.0,5.0,145,很值得去的一个景区，特别是带小孩玩的不亦乐乎，场地很大，项目也比较多，吃的玩的价格也都还蛮便宜！
118,huaipiqili,2021-05-07 07:03:43,5.0,5.0,5.0,5.0,145,草原很大，景点也多，很多人带帐篷露营，七彩滑道、滑草很好玩，孩子惦记的水上自行车因为风大没开，玩了水上悠波球，骑马人太多，没排队体验。云中战歌的表演特别精彩
119,19190610,2020-10-27 12:24:07,5.0,5.0,5.0,5.0,145,总体超赞，景色不错，性价比高，有趣好玩，&#x0A;今天武汉的秋天格外早显得格外长，惠民游又恰巧实行！&#x0A;木兰草原绝对是武汉的后花园，带娃去简直不要太棒👍🏻&#x0A;近期格桑花正艳，赶紧上车出发吧！
120,Mr _胡,2020-10-29 10:11:56,5.0,5.0,5.0,5.0,145,第一次住这个酒店，还不错，和老婆过来进货，主要是近白云皮具城。&#x0A;酒店热情款待。前台服务很不错，一个高高的男生东北口音，特别热情，还给我们拉行李。必须点个赞。
121,秒懂风景,2020-09-11 16:00:42,4.0,4.0,4.0,4.0,145,木兰草原位于武汉市黄陂区王家河镇，是华中地区唯一蒙古风情景区，国家5A景区，&quot;木兰八景&quot;之一；景区距武汉市城区35公里。是休闲度假，自驾旅游露营的好场地。
122,_WeCh****31786,2020-11-01 10:52:03,5.0,5.0,5.0,5.0,145,木兰草原去了很多次了，每次去玩心情都特别好，下次一定要晚上吃完饭再去赶上篝火晚会，要不然要等好久。对了，小伙伴们，下次去的时候要带上爬爬垫性价比高，呦
123,燕子chris,2020-10-07 23:44:09,5.0,5.0,5.0,5.0,145,很值得，烟花🎆🎆太壮观了，篝火晚会也还不错，项目中首推小火车，45分钟绕着草原走一圈，感觉很好，景区里有很多买烤串和小吃的地方，也有便利店，景色不错，体验很好，很方便
124,单身小女人～,2021-08-30 06:00:14,5.0,5.0,5.0,5.0,145,里面还挺大的，我走了一圈，三个小时吧，拍照也好看，，也很漂亮。。。。。。。。。。。。。。。。。。。。。。。。。。。。。。。。。。
125,M42****7423,2020-08-24 23:43:10,5.0,5.0,5.0,5.0,145,好玩，篝火表演，丽人行绝美了，还有泼水节，周末还有烟火🎇都很好玩，适合亲子游，夜场真的很好玩呀，哈哈强推有趣好玩，体验很好，值得推荐，景色不错，
126,基督山伯爵,2021-04-04 06:47:38,5.0,5.0,4.0,4.0,145,休闲度假好去处，停车不是很方便。自己带个帐篷找一个地方悠闲自在逍遥地落日夕阳，别有一番风味。周末的时候有焰火表演比较震撼。
127,139****2863,2020-11-11 10:06:43,5.0,5.0,5.0,5.0,145,全家一行人一起去的，湖北免费游，晚上看了烟火，篝火晚会，还做了小火车，白天玩了很多项目，适合带着娃，带着帐篷，带着一大堆吃的，来一次草原的拥抱
128,咚咚锵锵嘟噜噜,2021-10-03 02:30:49,5.0,5.0,5.0,5.0,145,木兰小姐姐好帅就是说，骑马真的很帅家人们！！！很值得一去、有很多好玩东西的地方⭐
129,👑柒柒吖,2021-08-05 15:42:48,5.0,4.0,4.0,4.0,145,记录📝2020年10月31日&#x0A;&#x0A;赶在今年的最后场次&#x0A;终于如愿看到了🎆&#x0A;&#x0A;挺好预约的&#x0A;过去直接刷身份证或者填写身份证即可入园&#x0A;10.31今年的最后一场🎆，人巨多，停车场虽大，却没得空位，我们把车停到隔壁村上去了，太难了[流泪]&#x0A;&#x0A;一路小跑，七点半篝火晚会准时进行&#x0A;最后几分钟赶了进去，晚会很热闹，表演很精彩&#x0A;八点准时放烟花，特别好看，现场气氛很燃&#x0A;&#x0A;烟火结束，全场蹦迪&#x0A;大型蹦迪现场，巨嗨，很放松&#x0A;&#x0A;下次约个白天的场&#x0A;过去打卡娱乐项目啦，嘿嘿&#x0A;[糖果]
130,M36****855,2021-07-08 23:21:56,5.0,5.0,5.0,5.0,145,只要孩子想，有时间多带他出去走走看看！总归是没坏处。比一天天在家待着写作业好点！
131,仁多郡司马光,2020-07-01 00:17:00,3.0,5.0,5.0,4.0,145,体验很好，景色不错，如意桥照片20一张，还不能给电子档，这个不好。20一张勉强接受，但是电子档应该归还给客户，毕竟是客户自己的肖像照，客户才是真正应该拥有处理决定权的人。景区强行占有，试问作何用处。？
132,M41****1556,2021-06-11 17:55:33,5.0,5.0,5.0,5.0,145,风景不错可是就是时间不充足。过来不知道路线一天的行程完全耽误在坐车上景色不错，
134,hahagaotie,2021-03-23 00:13:26,5.0,5.0,5.0,5.0,145,景区很大，景色很独特，适合拍照。最适合夏天前来游玩，门票价格也不贵。但是离市区比较远，大约一百公里左右，因此来这里游玩需要预留大半天时间
135,M25****6787,2021-01-11 18:31:43,5.0,5.0,5.0,5.0,145,总体超赞，很好玩，景色很好，就是夏天比较热有趣好玩，里面很有有趣的玩意&#x0A;景色不错，景色非常好，看图片&#x0A;性价比高，疫情期间，免费的，就很划算啦
136,_WeCh****293320,2021-07-26 11:53:12,5.0,5.0,5.0,5.0,145,草原很大，带孩子去的&#x20;两岁多的孩子开心到不能自已，在草原上飞奔..除了夏天有点晒&#x20;但有风还算是比较凉快，晚上还有篝火晚会..很棒&#x20;等天气稍微凉快点了&#x20;会再去的！
137,没有诚信的网站,2020-10-17 23:35:14,5.0,5.0,3.0,3.0,145,人工开发的草原，挺大的，通过“惠游湖北”小程序预约后，在携程上订的一日游，其实就是花了50元订了旅游大巴往返，外加一个胜天农庄的人工开发项目，胜天农庄不错，所有设施免费玩。性价比不错&#x0A;【性价比】
138,饭团子饭团子,2021-04-01 22:00:44,5.0,5.0,5.0,4.0,145,草基本都绿了&#x20;景色还可以&#x20;卫生间挺多的&#x20;每个的建筑风格都挺有特色&#x20;看到了北方见不到的花&#x20;提醒一下&#x20;行程确定了就提前一天携程买好票&#x20;当天买贵五块 
139,ja****ing,2020-08-18 22:01:15,5.0,5.0,5.0,5.0,145,体验很好，值得推荐，有趣好玩，景色不错，距上次去有五年了吧，现在真的是达到了五A的水平。带娃放风筝露营，看烟火，骑马看云看星空看日落日出，还会再去的。
140,菲菲菲菲,2020-10-23 23:37:30,5.0,5.0,5.0,5.0,145,星期五晚上去的，由于下雨了，没有露营⛺️，住在军帐里体验了一番，除了上厕所不方便，其他都很好！第二天早起，空气景色不错，太好了！
141,幸福的猪宝宝,2020-10-17 18:22:30,5.0,5.0,5.0,5.0,145,太美了，蓝天白云，起伏跌宕的草原，虽然比不上内蒙古的大草原，但在这能体会到也很不错了，晚上的演出和烟火表演很壮观的，值得打卡啊。
142,_WeCh****77456,2020-11-25 17:14:20,5.0,5.0,5.0,5.0,145,木兰草原太美了，小火车真的很棒啊！强烈推荐坐小火车，景区比上次去又更新了不少景点和游乐设施，很棒的一个地方。拍拍照，放松心情，绿色的草原开阔的眼界
143,288****404,2020-11-22 13:32:59,5.0,5.0,5.0,5.0,145,满好玩的，一直想去内蒙古看草原很适合一家老小游玩，带上老人孩子宠物狗，园区逛的快一点需要两个小时。慢慢逛，园区有很多娱乐项目，慢慢玩，可以玩一整天。
144,zhrmghgwswswws,2020-10-12 20:34:09,5.0,5.0,5.0,5.0,145,一日游好去处，项目适合男女老少，还能拍美美的照片，门票免费可以去玩玩，就是里面的项目都要收费，30–40不等。因为时间和兴趣原因，只玩了2个项目。
145,奶油奶茶,2020-10-02 10:47:56,5.0,5.0,5.0,5.0,145,游玩项目及草原风光融合，非常适合情侣，家庭亲子出游，小火车也是美到爆炸啦，武汉最完美的景点，必打卡景点景色不错，体验很好，值得推荐，有趣好玩，呦！
146,皇家大小姐,2020-10-12 08:29:09,5.0,5.0,5.0,5.0,145,去的时候是阴天，不晒人，人也不是很多。适合放娃，好好一片草原，要坐小火车才行，不然腿直接废掉了。走走停停，挺好的，听说夜场比较好玩，有机会再来。
147,M40****4642,2020-08-30 08:17:59,4.0,4.0,4.0,4.0,145,现在这个天气建议游夜场，白天太晒了，中午睡个午觉再过去，差不多正好，适合带小朋友过来玩，条件允许了晚上在那露营第二天早上再回
148,M18****964,2021-09-27 16:16:31,5.0,5.0,5.0,5.0,145,木兰草原游玩项目多了，现在规划的更适合带孩子去玩，每块都安排满满，坐小火车一圈玩下来刚好，小盆友玩得开心，大人也不算太累
149,M21****861,2021-05-10 21:45:46,5.0,5.0,5.0,5.0,145,天气好的时候出行，适合一家人一起出行，有美景，有游乐设施，边坐小火车，边游玩，还有许多地方拍照的美景，吃饭的酒店环境也不错，价格在景区来说味道对的起价格。特别推介的是晚上的烟火表演，很是震撼，值得一游。
150,M42****5412,2020-11-08 17:07:33,5.0,5.0,5.0,5.0,145,很棒！今天来时天气很好，早上九点左右到的，人还不是很多，选了一个好地方搭帐篷，然后就带着娃刷项目，项目是收费的，骆驼，每人50，一大一小70，射箭每人30元&#x2F;10支箭，老板送了2支；水上那个滚筒是每人30元&#x2F;8分钟，我们4个人，玩了20多分钟，不知道怎么算的。
151,木子木子木子木子李,2020-10-20 17:01:09,4.0,4.0,4.0,4.0,145,值得推荐，木兰草原面积很大，项目也多，彩虹滑道，悬崖秋千，骑马都值得尝试。骑马道的马儿很听话，我自己骑的那匹马偶尔快走几步，坐着有点颠&#x20;但是好玩的哦。景色不错，格桑花海很漂亮有趣好玩，晚上有篝火晚会和烟花秀，虽然烟花秀时间短，但是值得等待&#x20;，亲眼所见比图片好看多了。
152,燕子chris,2020-10-11 14:25:38,5.0,5.0,5.0,5.0,145,有趣好玩，值得推荐，景色不错，体验很好，尤其是小火车，全程45分钟，体验感超级好，草原很大也很漂亮，紫藤区晚上太漂亮了，星星点点好浪漫，最惊喜的就是晚上的烟火，瞬间的感动会始终铭记
153,Perfect颜,2020-09-29 08:10:45,4.0,4.0,4.0,4.0,145,跟着小团团的语音来到停车场，停好车，刷身份证入园。&#x0A;跟着导航图转了一圈，好玩的东西不多。带小孩还是可以体验很多的，例如骑马啊，花草啊等项目。&#x0A;中午可以租工具烧烤啊，菜也有套餐价格不等。&#x0A;小火车40一个人，晚上的票18:00开始卖。&#x0A;晚上20:00篝火晚会，20:30烟花表演。烟花表演值得看，20:40之后是蹦迪，也可以参与！
154,M39****159,2021-03-14 07:53:17,5.0,5.0,5.0,5.0,145,景色不错，有趣好玩，性价比高，总体超赞，木兰草原比较大，项目也挺多的，如果把停车场修的更大一点就更好了，下次有机会还会再去的，值得期待哦！
155,冰之炙点,2020-09-02 06:37:09,5.0,5.0,5.0,5.0,145,木兰草原我去过两次，虽然景色非常单一，但是他们的互动活动倒是很有特色，骑马呀，射箭啊，花草啊，蒙古标表演等等，现在晚上还有焰火烟花的表演。
156,_WeCh****153286,2021-05-19 07:59:50,5.0,5.0,5.0,5.0,145,五一去的，人很多，但是风景很好，带帐篷过一晚看烟花秀更好
157,我就是Ada,2021-05-13 06:58:42,5.0,5.0,5.0,5.0,145,赶在大部队到达前体验一把大草原，晚上看星星，白天呼吸新鲜空气，真好，还好在第二天涌入大波人群前结束行程，愉快回家（差点车都出不去^_^）
158,无疆行,2019-10-01 21:47:10,5.0,5.0,5.0,5.0,145,又来木兰草原了，没想到居然有表演，就在大门口，表演很精彩，武术和舞蹈是最后两个节目，去晚了，只看到了最后两个，下次有机会一定早点来。草原还是很漂亮，尤其是格桑花，现在这个季节居然也有，让人惊喜。
159,me****daz,2020-10-20 07:10:48,5.0,5.0,5.0,5.0,145,木兰草原面积很大，游客也很多，几个停车场都停满了车，景区非常适合家庭休闲，项目也比较多，是小孩子和年轻人的游乐场，滑道骑马等比较好玩
160,e00****79,2020-10-10 16:58:20,5.0,5.0,5.0,5.0,145,今年已经是第二次到木兰草原了，预约很方便，现场人也不算很多。带着孩子一起到户外过生日，坐小火车、搭帐篷野餐、草地上撒欢儿…值得推荐！
161,江城老枪,2020-09-27 12:45:08,5.0,5.0,5.0,5.0,145,景色不错，：值得推荐，体验很好，有趣好玩，非常好！景区的管理，卫生，秩序，保安，特别是卫生间特别干净，值得点赞！
162,M33****068,2020-08-22 18:10:59,5.0,5.0,5.0,5.0,145,景色优美，草原辽阔，值得一去~
163,M47****8494,2021-07-02 21:17:42,5.0,5.0,4.0,5.0,145,不是周末去的，所以很多自费项目没有开，总体来说环境还是很不错的，带孩子去玩玩也是很开心的
164,288****831,2020-10-20 08:21:55,4.0,5.0,5.0,5.0,145,人很多，特别多的家庭带着小孩和帐篷在草地上野餐，可以骑马，骑骆驼，有小火车等一系列娱乐项目，特别适合一家人来玩，就是草地有的被踩坏了，需要修缮一下。
167,饭团子饭团子,2021-04-01 21:53:25,3.0,5.0,5.0,4.0,145,虽然阴天有风&#x20;只要没有下雨就好&#x20;娱乐项目挺多&#x20;没有参与&#x20;有几个店铺和公共设施还在维护和修建中&#x20;整体感觉比较安静&#x20;也行因为人不多&#x20;拍照挺方便 
168,M42****5940,2020-09-09 09:49:38,5.0,5.0,4.0,4.0,145,晚会很嗨，景色也很好，露营的好地方，下午三四点最好，晚上夜景很美，
169,M22****8041,2020-08-31 21:21:03,5.0,5.0,5.0,5.0,145,景区里风景很不错，很多去搭帐篷露营的，下次有机会会尝试下。觉得它家的小火车不错，沿途的风景看看觉得挺舒服。晚上还有篝火晚会和烟火表演，值得一游体验很好，有趣好玩，
170,盘旋的鹰,2021-10-30 16:10:29,4.0,3.0,3.0,3.0,145,"暴累暴晒暴走的一天!秋老虎简直太热了&#x0A;娃娃们脸都晒的通红,假期的第三天,远在郊区的木兰草原真是人气爆棚,进景区停车排队,玩项目排队,稍微凉快一点想安营扎寨都没好位置了,第一次来,真是够大的,个个景点都写着网红打卡,说是武汉目前最好玩的位置,就是今天实在太热了,好多想玩的没玩到,下次天气凉快一点还会再来的。"
171,m42****9805,2021-10-02 19:12:04,5.0,5.0,5.0,5.0,145,真的非常推荐，不过节假日人是真多，云中战歌值得一看，烟花表演秀非常棒，晚上坐小火车围着草原逛了一圈景色很美，扎账蓬的场地也很大，游玩的项目也很多，如果自己带帐篷来可以在景区里面玩一天，看完烟花秀孩子还想再去看。
173,单身小女人～,2020-10-26 14:11:10,3.0,4.0,4.0,4.0,145,还好吧，就是老头老太太太多了，挡着没法拍照。。。。带个帐篷住一宿挺好的。。。。走一圈一个半小时吧。。。。。。。。。。。。
174,加加呀,2020-10-14 01:38:16,4.0,4.0,5.0,5.0,145,木兰草原是湖北武汉黄陂区木兰山整体旅游景区的一处景点，在木兰山东面，属于“木兰八景”之一，2万余亩，分为草原风情旅游区和休闲度假区，融草原风情观光、户外拓展、水上游乐、商务会议、休闲度假为一体，是华中地区唯一的以草原风情为主题的5A级景区。&#x0A;以上的内容可以再百度查到，下面就说一下个人感受：&#x0A;首先，交通，整个木兰山范围内都建议自己开车去，第一是因为没有公共交通、第二是因为打车真的挺远的，进去了出来也不方便、然后风景区的路都修的很好，开车可以放下车窗感受新鲜空气和田园风光。&#x0A;然后，住宿，如果是制订了多天的行程的话，建议体验一下木兰草原内的帐篷酒店，如果去过真正草原住过蒙古包的朋友就别尝试了，因为真的差太远，没体验过的可用试试。&#x0A;还有，吃，草原很大，我这次去的时候见到很多一家人出来的，铺上野餐垫，自己带了各种食物野餐，别有一番风味；草原里面也有烧烤的炉灶可用租用，比较适合多人出游体验；景区外停车场周围很多聚集的农家菜饭馆；开车的话可以从景区走出来转转，路边其貌不扬的餐馆可能味道和食材更地道。&#x0A;然后，穿衣，去草原的季节在春夏及早秋，那时候的草地更绿，还有小花和池塘的莲花，穿一身白长裙拍照超美。
175,快乐文优米,2020-10-12 07:05:13,4.0,5.0,5.0,5.0,145,昨天太阳☀️很大，人特别多，草原和去年比较有了一些改变，游玩的项目增添了很多，环境太好了，非常的热闹，昨天带着孩子去的，一家人玩的都非常的开心。唯一一点不爽的是，在进门刷身份证的时候碰到一对超级奇葩的大龄母女，大的有60多岁，小的40多岁，我从刷身份证到拿帐篷推婴儿车进景区总共就那么一两分钟的时间，结果那对奇葩自己空着手进去，嫌我拿进去的东西多了，就开始数落人了，说什么这人好蠢，女的说了，老太婆接着说，没完没了的嚼起来了。要不是当时身边带着孩子，我肯定跟她们闹起来了。武汉市人的素质很多时候就是被这种奇葩拉低的。
176,空中楼阁,2020-10-11 07:21:01,5.0,5.0,5.0,5.0,145,有趣好玩，大概有五六年没有去过了，这次带着老人和小孩又重新有了一遍，发现景区建设的比以前好多了，规划也很好，草皮都长出来了。活动项目比较多，晚上的篝火晚会不错。
177,M96****10,2020-10-01 21:49:25,4.0,4.0,3.0,3.0,145,带老妈去的，路上花了五个小时，天哪，我还是武汉人！如果不是免门票，估计不会想到跑这么远来，景色还行，不过只逛了逛，老妈啥都不肯玩，还好带了床单，铺在地上睡了会，吃了零食当野餐。下午接近两点进去，五点半出来，老妈不想等烟花晚会了，就提前出来了，说实话真的有点单调，路途也太远了
178,M35****4235,2020-08-24 10:12:22,3.0,4.0,4.0,3.0,145,里面的景还是不错的&#x20;范围广项目多&#x0A;但是想吐槽的一点是里面的所有项目几乎全部都是需要收费的&#x20;个人认为有点坑&#x0A;基本上不想花钱的就只能在里边躺躺草坪&#x20;搭搭帐篷了&#x0A;作为露营地来说这个地方还是挺合适的&#x0A;但是作为娱乐来说不太划算了
179,M42****6802,2020-08-17 11:08:53,4.0,5.0,3.0,2.0,145,总的来说还可以吧。我们买了128的票，结果进去没有按流程走。小火车直接从第1站坐到了第3站。然后去玩其他的。回头想玩第2站的就不让坐了。8选4的票通通都只玩了一两个项目。其他都是要收费的。4个大人两个小孩。门票700多。里面玩的收费项目六七百。总觉得有点不划算。门票里有的项目小孩也不喜欢玩。所以建议大家不要买门票。直接进去看见什么项目好玩喜欢的另外去玩景色不错，
180,多肉葡萄芝士,2020-08-01 20:40:24,5.0,5.0,5.0,5.0,145,体验很好，景色不错，值得推荐，有趣好玩，
181,_m15****0055,2021-09-13 09:14:05,5.0,5.0,5.0,5.0,145,适合亲子出游。。。。。。。。。。。。。。。。。。。。。。。。。。。。。。。。。。。。。。。。。。。。。。。。。。。。。。。。。。。。。。。。。。。。。。。。。。。。。。。。。。。
183,M28****886,2020-10-02 08:18:15,5.0,5.0,5.0,5.0,145,小火车很可爱，烟火秀很美，篝火晚会蕴含丰富中国传统文化特色。人工草原维护的很好。我们带了帐篷过去，玩累了，可以到帐篷处休息，吃吃自带的食物，很开心哦。
184,134****0566,2020-10-03 19:24:09,5.0,5.0,5.0,5.0,145,十一假期带上狗狗一起去木兰草原，由于天气原因一直下雨，景区内许多项目无法游玩，还是带着狗狗雨中漫步，景区内可以租赁帐篷，可以烧烤，下次天气好在带狗狗体验帐篷！有趣好玩，景色不错，值得推荐，
185,棉花被,2020-10-15 11:19:26,5.0,5.0,5.0,5.0,145,有趣好玩，景色不错，晚上的烟火和音乐狂欢表演很有意思～家庭聚会，亲子活动都是不错的选择
186,暖人依旧,2020-10-01 13:15:34,5.0,5.0,5.0,5.0,145,第一来，很好玩！就是准备工作不够充分，建议带上帐篷，烧烤食材，草原上很舒适。景色不错，值得推荐，体验很好，有趣好玩，下次还要来
187,刚刚好,2021-09-09 13:18:13,5.0,5.0,5.0,5.0,145,适合全家一起出游，和小孩亲子互动，直升飞机✈️可以坐坐🤭&#x0A;【景色】&#x0A;【趣味】&#x0A;【性价比】
188,Jin  6238,2021-06-26 10:59:17,5.0,5.0,5.0,5.0,145,景色非常好，值得大家一去
189,我的家乡在武汉,2020-12-17 13:14:52,5.0,5.0,5.0,5.0,145,景色美，环境舒适，宽阔。是亲子休闲的好去处。朋友们不防来试一下，带上家人和孩子去享受大自然，拥抱阳光。
190,M42****8428,2020-09-14 19:57:13,5.0,5.0,5.0,5.0,145,非常值得去的地方，带着孩子玩的很开心，环境好，客气好，值得推荐体验很好，景色不错，值得推荐，有趣好玩，
191,苑柳氏,2020-10-07 01:38:53,5.0,5.0,5.0,5.0,145,想了近二十年的旅游景点，今天总算去到了。一天下来，累中开心。&#x0A;发现自己很能聊天，早上去景区、晚上去宾馆都是和司机各种聊天。话唠级别甚高。&#x0A;之前心情挺压抑的，来到草原之后突然放松了，大概是空旷之处方见真意与舒坦。&#x0A;骑马没干赶上，骑了圈骆驼，骆驼估计嫌我胖了，有点小脾气，耸了我好几次，秒怂。射箭于我而言，基本是姿势足够帅，能不能中看情况。空中滑索，最后一刻的加速度让我尖叫。很佩服我闺蜜，敢完悬崖秋千，我瞅着就腿哆嗦。&#x0A;愉快的一天结束了，明天奔向木兰天池。听说宾馆里有梅花鹿，打算去抱抱。
192,晴儿VIP,2020-10-06 15:01:10,5.0,5.0,5.0,5.0,145,有趣好玩，景色不错，值得推荐，体验很好，孩子还没玩够，下次还来玩………………………………………………………………………：
193,E01****41,2021-05-18 01:08:00,5.0,5.0,5.0,5.0,145,夏天周末晚上还有烟花秀和表演，精彩不容错过，草原非常广阔，看着心情都变好了，附近一家周记杜家鸡也非常好吃，附近还有不同时宜的当地人自己种的水果卖新鲜又便宜，总之好玩好吃，不虚此行
194,M25****5928,2020-11-16 21:25:25,5.0,5.0,5.0,5.0,145,免费游玩的，不错不错额，风景优美，有马有花，有蓝天有清湖。
195,188****6260,2020-10-01 17:42:17,5.0,5.0,5.0,5.0,145,我觉得以后我还会带娃来玩，真的是好玩不累，适合各个年龄，听说晚上还有烟火，今天没看到，下次9再来。
196,_WeCh****235293,2020-09-12 14:47:35,5.0,5.0,5.0,5.0,145,刚来的时候风很大&#x20;太阳也没有出来&#x20;太爽了&#x20;感觉要飘起来了 &#x20;后来太阳出来了&#x20;有点晒。。。但是心情好呀&#x20;一切都免疫&#x20;走…骑马坐火车去。。。污。。。况且。况且。况且值得推荐，
197,M42****2146,2020-08-16 18:16:19,3.0,4.0,4.0,4.0,145,风景一般，没什么娱乐项目。